rgb_time,pair_idx,est_x,est_y,est_z,gt_x,gt_y,gt_z,error_m
1305033527.670034,0,-0.0495842494780806,0.1930305341102212,-0.013942700985763935,0.0,0.0,0.0,0.19978434324531097
1305033527.833907,5,-0.03421711342432177,0.15324111713659475,-0.0234452086898061,0.004055206812060508,-0.03791718338705996,-0.006208914791647868,0.19571243236624436
1305033528.002019,10,-0.006669242008559381,0.1390290277976693,-0.025300655785928598,0.009041699449252594,-0.0585766754881627,-0.008909188660801592,0.19890582657904515
1305033528.169886,15,0.017101109797399622,0.13919821337191957,-0.025064806254197818,0.0089611806499299,-0.05587310397444156,-0.008893758195646417,0.19590962225751582
1305033528.333973,20,-0.0033092092315927107,0.1483133916648417,-0.027238230650847593,0.011638232839806362,-0.029092406361013845,-0.011610347376201036,0.17871898033872746
1305033528.50226,25,-0.013499018801987478,0.17349553291790895,-0.027001142260067598,0.017244517559545258,0.013414810576258152,-0.013231619102114789,0.16358668179725078
1305033528.669999,30,-0.02008229159179839,0.22227663880450832,-0.027782304794173814,0.02591320601769076,0.07211739980449638,-0.013692630474691825,0.15767657333870588
1305033528.834358,35,-0.02278778599458398,0.2765530273850846,-0.026548897305064174,0.04186652838375893,0.1364651503230574,-0.012296776577736424,0.15494488249924734
1305033529.002386,40,0.010678328700099063,0.3422861490722269,-0.02787606902096485,0.05835193476861478,0.20461130343561496,-0.013468757599599424,0.14640596456098756
1305033529.17005,45,0.04031086251582125,0.4137098376719815,-0.023150583414318672,0.06820231743079908,0.2744742913000977,-0.009794626040102061,0.14262837104914694
1305033529.333974,50,0.052226958035605967,0.48615042336925446,-0.014692801448903482,0.07318079536513866,0.3482187826335741,-0.0026528812912761657,0.14003271222207817
1305033529.502276,55,0.05904037947659205,0.5592993100952787,-0.007736417611120698,0.07277782688408219,0.4249358915733279,0.005375246972109116,0.13569878940624927
1305033529.670029,60,0.06303603616007362,0.6341145756308766,-0.007907563693425025,0.06736457781108496,0.5051414320066138,0.008089009931697033,0.13003345114582332
1305033529.835176,65,0.059416430142400764,0.7133024162181298,-0.004620326345367321,0.058563874958040385,0.5880899031527633,0.00986838089788522,0.12605087431695045
1305033530.002319,70,0.05110714333551675,0.7881817480238474,-0.004299958940828902,0.05079893665212332,0.66698203752712,0.009892763989223452,0.12202826803662935
1305033530.169975,75,0.04378535780278889,0.8696991434597172,-0.00586555628175015,0.049800820160694315,0.7533118541830579,0.009013380063419452,0.11748859365620035
1305033530.334417,80,0.04945591286738664,0.9626034497771809,-0.01640990884691813,0.055322339842166945,0.8462711942398016,-0.0008969792337220062,0.11750855130180331
1305033530.503176,85,0.06327400299429208,1.0510597654460023,-0.029216150909460274,0.06798940228405215,0.93981790048399,-0.008743900054836273,0.11320821774828493
1305033530.670053,90,0.08645839975277997,1.1364740714332413,-0.038307011717571726,0.07630237941968865,1.0276547457263427,-0.015031619102114702,0.11174316219668168
1305033530.834043,95,0.09363381134196222,1.2162288739229576,-0.03504751187803788,0.07804389051808425,1.104112300026226,-0.012993331425982801,0.1153237124317799
1305033531.001895,100,0.09538261054210026,1.284430286126476,-0.03157787560427791,0.07686478492022664,1.1682626317946883,-0.007848688748584243,0.12000378363845148
1305033531.169952,105,0.09495957144679423,1.3214720538258817,-0.03198004769176584,0.07122878164501234,1.197030289053141,-0.006631619102114739,0.12919537931495512
1305033531.335001,110,0.09343404186470036,1.317762149234313,-0.04086916601756789,0.06474530195741846,1.1910067544047873,-0.01219864578117924,0.1330863353108868
1305033531.503808,115,0.09774048631839519,1.2895122501429526,-0.04793919722880266,0.06164623894332788,1.1624239849319313,-0.01730869990224826,0.1356187642414997
1305033531.67165,120,0.09490396998283743,1.2452259800305707,-0.047708542637980814,0.06211032146003581,1.1139758725167683,-0.017192624251838207,0.1386839406015399
1305033531.833841,125,0.09231440050977571,1.1846398697728835,-0.038004544720712685,0.05380224946987355,1.057191491967063,-0.010221083965320843,0.13600807135829024
1305033532.00322,130,0.07961285105149271,1.1228041287201147,-0.03587770984811478,0.03771130581980309,0.9961335932098323,-0.008931619102114707,0.13611486276581525
1305033532.171224,135,0.06046208096177176,1.0523609652193384,-0.03935595009050322,0.021862359526547692,0.9303993490617097,-0.008480401300235418,0.13159739292158434
1305033532.33539,140,0.052329578110502484,0.9856569933456718,-0.03412206488022122,0.011754121949467677,0.8703878170122413,-0.003556260866919847,0.12596673779312972
1305033532.502026,145,0.044305605818610955,0.9275131881036404,-0.028312034973006432,0.011164058364923957,0.8126449109505758,0.0007276422764227464,0.12303002120819642
1305033532.672619,150,0.03866271652919255,0.8631068392671652,-0.02687748907764282,0.011623319743461424,0.7459588274563097,0.0031335717521397966,0.12391710705912025
1305033532.839648,155,0.038590452808406575,0.7895651955434568,-0.02712070594910007,0.011694277948644638,0.6728776792313377,0.0038683808978852152,0.1236919730167967
1305033533.00381,160,0.03925616338930879,0.7115506709122915,-0.030054028431867028,0.0134775194907375,0.604567048136757,0.0028370812769711318,0.11485581883956096
1305033533.169879,165,0.035082043436636415,0.6485110970655921,-0.027566930336403103,0.01136816048349587,0.5559434674051911,0.002845960527868008,0.10027989946336437
1305033533.338311,170,0.020449334323975304,0.6225764076707014,-0.027084111353575017,0.0009460005245214287,0.5271270843764155,0.004607040507355276,0.102446485800649
1305033533.502497,175,0.009424400330940372,0.5858364908854568,-0.017707072053279073,-0.019916186252771473,0.5053223064635338,0.010563288272178895,0.0902364515433477
1305033533.66997,180,-0.018394024038878024,0.5557412050100141,-0.0181983660312416,-0.044084858659389825,0.4736368491147922,0.010368380897885277,0.09064879078388487
1305033533.839051,185,-0.045976260920273994,0.5195146847089003,-0.01634055788280791,-0.07220263936353954,0.4390410766514774,0.008798188474409052,0.088293720549321
1305033534.006647,190,-0.08397041173475797,0.48373054843361296,-0.014131018412577443,-0.1097203802854374,0.4054973586996107,0.00897943474626206,0.08554288925167478
1305033534.170552,195,-0.12897656727375728,0.43881715217424627,-0.007634409147757022,-0.15847884743181972,0.37303195920377963,0.014559421332750788,0.07543634574980324
1305033534.338523,200,-0.1955663234911239,0.4070161985115661,-0.003797560632747209,-0.22168585938058794,0.3416193190758886,0.018244069332188917,0.07378899271921734
1305033534.506416,205,-0.26822463574968325,0.37743245418928284,-0.006335101052514383,-0.2894472569916313,0.31764691843692616,0.01746006008153933,0.0677563253945422
1305033534.67142,210,-0.33649777190653796,0.3571786323812268,-0.002760178001434948,-0.3537724465603629,0.3061281553473324,0.016722118495419158,0.05730728982053695
1305033534.839367,215,-0.40897481782518436,0.3521553260883776,0.0032994163681719785,-0.4250918079298094,0.31266619936580586,0.018968380897885218,0.045438584361501846
1305033535.007644,220,-0.48998902555673846,0.3574548230359368,-0.0016072449213836819,-0.5021332403499987,0.3298975633597977,0.01234486088262643,0.03318954308467195
1305033535.174375,225,-0.577314850479835,0.37403091641584724,-0.012018328848182016,-0.5829910654511659,0.35169190034229625,0.0017025380633362008,0.026823744040285008
1305033535.338664,230,-0.6497536081842437,0.390612676876027,-0.012573584765504894,-0.649535753284219,0.3692034070047444,-0.002311541854421506,0.02374265827340719
1305033535.506535,235,-0.7024105237454991,0.3896834769280571,-0.00843741406934027,-0.6974689762781164,0.3743968433350022,-0.001827224053468135,0.01737223848635072
1305033535.674647,240,-0.7392375496517589,0.38164303870786404,-0.007227013372195577,-0.731060201141528,0.374883313390314,-0.0019045592127383548,0.011869769724220674
1305033535.837736,245,-0.7711599279128531,0.37294399502820014,-0.009145435887163149,-0.7589717879026296,0.3748794840617027,-0.003731619102114725,0.013476137684429157
1305033536.008091,250,-0.7992751552724807,0.3760630801912245,-0.00815860308150378,-0.7878321388551127,0.37557593400567435,-0.004394347090098449,0.012056100501533676
1305033536.175221,255,-0.8255449104802511,0.3740921928132712,-0.008278650164935168,-0.8116711942398016,0.37481442433779166,-0.00543161910211476,0.014181227258886604
1305033536.343052,260,-0.8408016484845037,0.36816869260197327,-0.008090718688090172,-0.8219471997711179,0.3722442457621056,-0.005702138616693997,0.01943722420008144
1305033536.507269,265,-0.8381440093308429,0.36043954976579284,-0.006666579263527369,-0.8140397801778604,0.3674420833035309,-0.005031619102114804,0.025153974511715707
1305033536.675458,270,-0.8174636911909708,0.34263034755611244,-0.0041738486438934845,-0.7896851105445416,0.36062395090700294,-0.0033370406165149635,0.03310769626467593
1305033536.843463,275,-0.7900053244730542,0.32580185971829045,0.0001322052479798587,-0.7592587130152826,0.3514236940609875,0.000541530171899951,0.04002499291833944
1305033537.007346,280,-0.7615395018109057,0.3060692209512562,0.007429984075645296,-0.7296075054240277,0.3402757146603723,0.00633567460601292,0.04680741520676732
1305033537.175495,285,-0.7329632755987304,0.28689207382437054,0.014660384100021934,-0.7005795484347804,0.32833314975085226,0.012750227689960147,0.052628103295525246
1305033537.343855,290,-0.7055508250156739,0.27445557007304894,0.010548554560792633,-0.668592599480247,0.3166609994516366,0.01061528264549505,0.05610002813186214
1305033537.502235,295,-0.6677489437499204,0.260585461576729,0.003362826422021247,-0.6306036336581721,0.3061590783569559,0.005089125905203162,0.05881928865728277
1305033537.674027,300,-0.623239613911435,0.24356567530986278,-0.0035453122916002684,-0.5829358748778103,0.2882378060701427,-0.0006179648570678875,0.0602375299108167
1305033537.84474,305,-0.584980120933151,0.21418220694197926,-0.009793244555003966,-0.5406087022864362,0.2634458598574254,-0.0025150180006198175,0.06669859723466842
1305033538.002467,310,-0.5605270529879199,0.17806377811740598,-0.012293270412379946,-0.5085633192666237,0.23528348234508734,-0.003331619102114769,0.07781153750163208
1305033538.175947,315,-0.5322063568338442,0.13975472871266093,-0.005728469721581456,-0.47291892566515936,0.20005202014440693,0.0020231209951421247,0.0849167239548609
1305033538.3441,320,-0.5043463397024479,0.09697899773873539,0.0038547560091029207,-0.4392817375727893,0.16575139491962787,0.010916863703009927,0.09493639149123766
1305033538.502753,325,-0.4821333730538967,0.05728433629002436,0.009963940720478386,-0.408874050452088,0.14017460800121917,0.01700890685877532,0.11084835154534925
1305033538.670915,330,-0.45495186483892774,0.030054838864178257,0.01672500689175639,-0.3751948549221562,0.11632076150966775,0.02521527310874283,0.11779250681251703
1305033538.844389,335,-0.4279348764091856,0.004554233006277997,0.028524915977460697,-0.3430241945382062,0.09214490999852143,0.03654407137519988,0.12225488720311871
1305033539.003002,340,-0.4077162971455326,-0.02451157600952461,0.03907423777308727,-0.3212300635673411,0.06755630996889672,0.04330351423941159,0.12638928359044407
1305033539.171128,345,-0.3932755692332355,-0.05189031233942368,0.04015497302807755,-0.3060464415993134,0.037853806356245245,0.04616838089788522,0.12529600401627358
1305033539.344491,350,-0.38474488503693005,-0.0824179380877057,0.033687261689635095,-0.29758104093650894,0.0041708270748395115,0.04109883174784834,0.1230856666775816
1305033539.503332,355,-0.3875389181147819,-0.11480760478151564,0.024934272773742914,-0.297197320172615,-0.026888915909687228,0.03308742102377038,0.12632408320693417
1305033539.671545,360,-0.39741893317973165,-0.14634431583291335,0.015117955040772152,-0.3036738335359892,-0.0595521660348568,0.025156128555420487,0.12814751617293904
1305033539.844495,365,-0.4128742468362773,-0.17784656913045072,0.011887627622289003,-0.3144753488746397,-0.08857173227521442,0.019554665775841973,0.13308314352179193
1305033540.003525,370,-0.43409483448011765,-0.20109949281308132,0.010928685321669254,-0.32650118807014517,-0.10594895242534919,0.017347092951140564,0.1437748727711824
1305033540.171614,375,-0.4529398967812795,-0.20541648189069855,0.007368796202804912,-0.33729780177860413,-0.10526231552344845,0.01306767994659419,0.1530896092269225
1305033540.339664,380,-0.47405066898827464,-0.19353731076593594,0.005524674131859978,-0.349058421398573,-0.08879880380991212,0.009286639755850978,0.1631176544162477
1305033540.503736,385,-0.49457210654673545,-0.17076805470818002,0.0039077715054703956,-0.36043884319195096,-0.0633373888372315,0.006568380897885251,0.17187250841835747
1305033540.671866,390,-0.5086402159533976,-0.14165376235722804,-0.005180508891412897,-0.37112063991607647,-0.03455259757289664,-0.0006162387049090112,0.1743649215122711
1305033540.839891,395,-0.5228190732511598,-0.11718000075653734,-0.01234769956724684,-0.3806021362325058,-0.009952244713063108,-0.007952528431442674,0.17816499760166032
1305033541.003911,400,-0.5365618944754351,-0.10177008460483894,-0.00682877716627588,-0.3892373411534702,0.007897944829888148,-0.004991178504160421,0.18367083998407494
1305033541.171938,405,-0.5459517789783586,-0.0829782501771848,-0.0005406790286427883,-0.3997214024586917,0.028208648840384765,0.00019074199896185196,0.18370189031946943
1305033541.339959,410,-0.5581718305929582,-0.05547293002889503,0.0006027856105294844,-0.41078257873781077,0.05659099969005554,0.0033301504422669215,0.1851738491942082
1305033541.504009,415,-0.5607181040334038,-0.01895636645323326,-0.0020685582941411106,-0.42154322056123794,0.08835755429988312,0.003407290847102007,0.17582920889520817
1305033541.672022,420,-0.5784002327931834,0.00949711045541829,-0.0008684205574965853,-0.4331652218486992,0.11755636697422678,0.004885940442982184,0.181116327242924
1305033541.839993,425,-0.5972913836594105,0.0370515154973762,-4.924765824197014e-05,-0.4492278497007842,0.1446526667143504,0.006726519323844271,0.18315766118219284
1305033542.003968,430,-0.628209433591266,0.06638665601974314,-0.0026241116548909593,-0.46962064519247915,0.17488335715833325,0.0036875312687550954,0.19225445326480048
1305033542.172013,435,-0.6631726195685945,0.1003312106868847,-0.008014049620090396,-0.4919291061678944,0.20836056552940885,-0.0027783968719452545,0.2025391183184298
1305033542.340007,440,-0.694651901115105,0.1324388002232633,-0.011063717974312055,-0.5132084662518178,0.23981827241732823,-0.007010547647998466,0.2108755540439859
1305033542.507854,445,-0.7206197672751029,0.16418375234761423,-0.012359719660802388,-0.5316536409793394,0.27337687596142957,-0.009230083150301494,0.21826848090472487
1305033542.672238,450,-0.7531643562413561,0.20160744208727657,-0.011266836868435062,-0.5492237226712443,0.31301149178647203,-0.009874999403952978,0.23238885842889925
1305033542.839939,455,-0.7741419703746732,0.2516351831527235,-0.014702770342812997,-0.5598786400591278,0.3611066423479483,-0.011211227141596947,0.24063450702292527
1305033543.007968,460,-0.7943212401868684,0.2979760695428926,-0.019310600186550706,-0.5683793982309323,0.4036131511813652,-0.01453433707650853,0.24946286628039635
1305033543.172106,465,-0.8077272794601443,0.33592076947209115,-0.024373672456044455,-0.5757898497676686,0.4373495213795221,-0.018359520808792773,0.25321716574096526
1305033543.339972,470,-0.8233152271155897,0.3717760429176209,-0.023810427348752123,-0.5840842058691159,0.4695409252952496,-0.01651011397959934,0.25853964556375136
1305033543.507966,475,-0.8330437249262445,0.4008837581690161,-0.021667694724609762,-0.5898773473406345,0.4989081837646332,-0.014130952018018839,0.2622889202617668
1305033543.672031,480,-0.8350595382902014,0.43438627320162043,-0.02512257147884503,-0.5869527549293088,0.528440395298381,-0.016138161314164456,0.26548799117679217
1305033543.840066,485,-0.8293319072396285,0.47574801018460783,-0.03249204372822499,-0.5747797700359433,0.5655563005163913,-0.02049725584231321,0.2701965849223667
1305033544.007959,490,-0.8264925658258939,0.5182102386831008,-0.04241971761194521,-0.5587623894332785,0.6019286007200246,-0.027937970579119287,0.2808877578152689
1305033544.172048,495,-0.8264728928686811,0.5607728371537974,-0.05220794958560693,-0.5445033593209831,0.634043485206113,-0.03559753951791722,0.29180697633492153
1305033544.339999,500,-0.8267780897054899,0.6061645150331268,-0.061390030994833644,-0.5298282648822972,0.6656784828687657,-0.04223763008371573,0.30345992369788555
1305033544.507909,505,-0.828202294436881,0.6482162539277594,-0.06676049495723921,-0.5181760460625133,0.6943984741196385,-0.04653170970126119,0.31409914978533254
1305033544.672142,510,-0.8222531561110824,0.6804736407480181,-0.06865096962792712,-0.5112766802565385,0.7202127274791846,-0.046402648066069196,0.3142937342064884
1305033544.84001,515,-0.8187565933325632,0.7098500531347891,-0.06760238001564574,-0.5101987792957107,0.7455283289225854,-0.043909520062942575,0.31151599570347804
1305033545.007915,520,-0.8312210595535191,0.7430084308608796,-0.06222745641972119,-0.5132772810719308,0.7684986457811791,-0.037630868082874414,0.31991090867559463
1305033545.172,525,-0.8454357163569695,0.7713055035598592,-0.05731941790887267,-0.5178406742483846,0.7856248313186944,-0.03220862360823018,0.3288679168784933
1305033545.339931,530,-0.845786761828901,0.78059930255239,-0.05463552958503323,-0.5258045394940752,0.7968820828266933,-0.02911030922919189,0.3214114005725518
1305033545.50802,535,-0.8535951331703293,0.7810846686632685,-0.05278042482929124,-0.5397875823854279,0.8005968433350021,-0.028129196406806,0.31537848206999836
1305033545.672134,540,-0.866864863778458,0.7744697083488894,-0.047396882381211564,-0.5618490618159182,0.7986252029884734,-0.024545798928850338,0.30682291208949997
1305033545.840003,545,-0.8764216422614352,0.7491815518273112,-0.044096242240138125,-0.5940972987149226,0.791070657797487,-0.022810588179195568,0.2862076365626047
1305033546.008052,550,-0.9064642479065258,0.730343721687082,-0.04685819884548101,-0.6319135553167446,0.7828876245699506,-0.02573776494548241,0.28033019327182196
1305033546.172247,555,-0.938940290880117,0.7175400008534899,-0.05164081464218866,-0.6713068616932503,0.778309906301409,-0.03121855613570801,0.27520483729210893
1305033546.339928,560,-0.9742413534354986,0.7076092580232951,-0.05532486682317597,-0.7187244589261009,0.77671791174537,-0.03683696115395363,0.2653425937444615
1305033546.507882,565,-1.0200183531350762,0.6992992078285366,-0.06028661337095716,-0.7699037455594496,0.7751960231743079,-0.0433332594235033,0.26192567593194716
1305033546.67214,570,-1.066300576427159,0.6892252673670565,-0.05816805044505444,-0.8172050640154495,0.7711968433350023,-0.04517501847745742,0.26255805538972105
1305033546.839978,575,-1.1142446827137986,0.6890559828555561,-0.05787584555992831,-0.8605429487637983,0.7682750637770306,-0.04585339866008631,0.26605407687299093
1305033547.007986,580,-1.154104898534297,0.6816911877329079,-0.05151566334986511,-0.901298414675188,0.7610924964512723,-0.042530749725368855,0.2651347106288322
1305033547.17199,585,-1.1856734594685516,0.6690842567424514,-0.04949295585446052,-0.9408094813547251,0.7526076590275099,-0.041348995014259815,0.2588452251929074
1305033547.340021,590,-1.24278270172641,0.6703016213685546,-0.047723421634054616,-0.9829765453947719,0.7412826057856332,-0.041031619102114725,0.26941105997668985
1305033547.508002,595,-1.2911378471452615,0.6583672772045646,-0.04427365252153436,-1.0278049697612834,0.7268887606193608,-0.0402316191021147,0.27213183576136973
1305033547.672081,600,-1.3276192569476857,0.6424363413747799,-0.038619849361980776,-1.0702312259492655,0.7170367642111288,-0.037157310781008035,0.26798500071404485
1305033547.839913,605,-1.3613465199525954,0.6268726881550553,-0.03461449957282939,-1.1134529108701596,0.7069114758366879,-0.035631619102114764,0.2604966093629585
1305033548.00795,610,-1.368477722192457,0.5885669150489421,-0.041485191095515045,-1.158618670576735,0.6962878454092458,-0.04253761771928566,0.23589346744778258
1305033548.172076,615,-1.3696307566606625,0.542257262072824,-0.0454190040423568,-1.206673971818897,0.6873258016832366,-0.04827437951505609,0.21819245651431995
1305033548.340012,620,-1.389766638593683,0.5119600224733765,-0.04680137343745289,-1.2555167197517703,0.6797901700857969,-0.05205295375195573,0.21498273942916135
1305033548.507972,625,-1.4140605115922122,0.4982319191039889,-0.04797219680555305,-1.3016196552464057,0.6753934053358128,-0.05373161910211477,0.20991024111471357
1305033548.67198,630,-1.4358029377215473,0.48648743746146944,-0.0459917157581724,-1.3433113095320857,0.6706726878219365,-0.05384884876007101,0.20625382972079587
1305033548.839886,635,-1.4446449530533667,0.48862367946577734,-0.04586414170725921,-1.3856773025296234,0.664471687766731,-0.05305247836349325,0.18561082407980942
1305033549.008413,640,-1.4754210455124306,0.4822294089614949,-0.04811701174529251,-1.427972832177002,0.6561539351024008,-0.05563161910211478,0.1804370889417977
1305033549.171994,645,-1.4778627576307852,0.45280044388703466,-0.04667685330508392,-1.4726393646745448,0.6441400744564998,-0.056773143545615024,0.19167700210785782
1305033549.339824,650,-1.4694812285557424,0.4703154142384354,-0.04848144276271782,-1.5210433826860261,0.6317754071001119,-0.05729233721955984,0.16972217561231465
1305033549.507981,655,-1.4737679265629868,0.45783015147959005,-0.055494348347556954,-1.5667987879532923,0.6264968433350022,-0.06403325670928173,0.1928110657314064
1305033549.672038,660,-1.4837970605438353,0.42945351146078803,-0.06136701239946357,-1.613803758572693,0.6242827984452999,-0.07064566399181704,0.23440624133037105
1305033549.839997,665,-1.4945073065977788,0.43080420895514504,-0.0657975784314077,-1.6675197761758278,0.617325388232859,-0.07626734665318635,0.2546234101477361
1305033550.00799,670,-1.4833178094006318,0.4439364867581335,-0.06455489934290483,-1.7275437756012872,0.6056776732365026,-0.07542970209226474,0.29312931498727945
1305033550.172048,675,-1.5668134887844252,0.4506869756747299,-0.06184916221067149,-1.7884060129222992,0.5864870657797486,-0.07958650787974153,0.26049860778458983
1305033550.339999,680,-1.6340981613817855,0.44573811491273424,-0.07773686450169708,-1.8452050894815697,0.5601871131459221,-0.09473648419665481,0.24073573760054998
1305033550.507974,685,-1.681023248117905,0.43193394130620966,-0.09122856610007109,-1.8901166559378202,0.5254568676537205,-0.11004726176000768,0.2298276185594077
1305033550.671947,690,-1.7093883168142106,0.3854095902541732,-0.09770498349654975,-1.9209137233865006,0.4784953484490856,-0.12208643635409955,0.23238418889360613
1305033551.107954,695,-1.736475977016704,0.33804864685197134,-0.10363784733029305,-1.9837969047050503,0.32575017153074437,-0.13962850764849755,0.2502283385190244
1305033551.27248,700,-1.7640339764666226,0.2994829182481229,-0.09792798336822271,-2.000293041878733,0.28596412009061345,-0.12816899507745427,0.23856995343551798
1305033551.440025,705,-1.7935537050602082,0.27653749958345125,-0.08877173268189491,-2.0118696826645683,0.2571410867129199,-0.11514561428605485,0.2207570350871334
1305033551.607863,710,-1.8095754165512616,0.24594617497444915,-0.07417190672893044,-2.0212836738024396,0.23688794245840072,-0.10072716866381393,0.2135594055551663
1305033551.775847,715,-1.8383897503488895,0.23483469659944461,-0.06389778030844312,-2.0478274610781297,0.21989215602126688,-0.08867068163936764,0.2114264194342493
1305033551.940355,720,-1.8795377482307907,0.23153007178112145,-0.06908158729098664,-2.085616394389745,0.2008081036398477,-0.09176938435921689,0.2095876519859656
1305033553.307809,725,-1.9856677166180572,0.17866926545908357,-0.10097395646517306,-2.200170128507737,0.16582851012087807,-0.1225359869346494,0.215965485349192
1305033553.475869,730,-1.9575197699351308,0.24986958206352716,-0.09986291376483074,-2.1877487472033303,0.2231659311967651,-0.12223161910211477,0.23284936315575638
1305033553.639906,735,-1.9290600098825683,0.2961511044051109,-0.0944698959037813,-2.1698016856209614,0.28081300813008125,-0.11806544357818949,0.2423810254634776
1305033553.807988,740,-1.89162257100813,0.35748319025750136,-0.08453394138933705,-2.142131134414475,0.33776516209809726,-0.11042972135869544,0.2526141967400631
1305033553.975991,745,-1.8274408923821706,0.43536889708326854,-0.08078423652146485,-2.10290125646711,0.39468182295019416,-0.10746779677180929,0.2797246191720553
1305033554.140044,750,-1.77296465622995,0.4781895038762482,-0.08373819136978328,-2.0552735116706007,0.44398281715661725,-0.1093488138664378,0.2855245895911793
1305033554.308153,755,-1.7093872204639964,0.5270106072908779,-0.0898600375269648,-2.00775890136614,0.4851965023961089,-0.1144406790167608,0.30228841735761425
1305033554.476213,760,-1.6410787747153832,0.5857827444899171,-0.0949683426474762,-1.9667781751424551,0.5200994397158046,-0.11978700855923508,0.33318217560704316
1305033554.639905,765,-1.5966698584346655,0.6274123469455916,-0.09448158164861385,-1.9285152111198531,0.5505157737882364,-0.11873161910211472,0.34150034462441947
1305033554.807959,770,-1.534057467106933,0.6687217713670786,-0.09464604840754606,-1.8770172457262781,0.5766177257375261,-0.11833161910211476,0.35590106944358624
1305033554.975951,775,-1.4758937759772381,0.6520871330714259,-0.09555871556427765,-1.8145303552396808,0.5940731750949483,-0.11600228666785994,0.3441777037144218
1305033555.139873,780,-1.4160794857357142,0.643559402484899,-0.08939918943341404,-1.7569030660658513,0.5998403023150465,-0.10982297165200394,0.34422260749234274
1305033555.307889,785,-1.3643545226746743,0.633174476197407,-0.08631205486419642,-1.703314288439072,0.5966892806904608,-0.10502594711870872,0.34143096236508624
1305033555.47583,790,-1.3080296653650865,0.6247980332560897,-0.0887249058060463,-1.647862204290832,0.5907535069512241,-0.1030882827183367,0.3418354734084301
1305033555.64003,795,-1.2580124916121211,0.6258392354248319,-0.08947358606619923,-1.6062340128269317,0.5867269484776958,-0.10253161910211472,0.35065440401363696
1305033555.808005,800,-1.2283845844561,0.6250902744356437,-0.09104525722947515,-1.5840761640831043,0.5859969465696891,-0.1038316707194582,0.35806183889256515
1305033556.076013,805,-1.2241489397954428,0.6172134073405064,-0.09356528152015534,-1.5868528339755859,0.5956906893798999,-0.1052139267762644,0.36352858646625696
1305033556.23993,810,-1.2381781693886977,0.6126259413484355,-0.09518813710649286,-1.6048557685430227,0.6045083398898504,-0.10679851703502363,0.3669511658206104
1305033556.407971,815,-1.2655425788771288,0.6138378523041039,-0.09907264765024691,-1.6396389743222946,0.6138130939608516,-0.11093974441503951,0.3742845731307481
1305033556.575852,820,-1.3102616487026846,0.6073981967027359,-0.10312246380177216,-1.6889853253224614,0.6219044441265527,-0.11509465941873498,0.37919043753055415
1305033556.73998,825,-1.36565090687846,0.6088334332269817,-0.10570669271443378,-1.746565879884605,0.6336476432300979,-0.11669121903535751,0.3818803758991108
1305033556.907887,830,-1.4274065292380111,0.5916938478804867,-0.10904024500255012,-1.8099439715804782,0.6537211429797583,-0.12053161910211474,0.3877039228714929
1305033557.075946,835,-1.4781432449906036,0.6151253824913983,-0.10407844198378002,-1.8693979233721956,0.6748688481987458,-0.11888423336432774,0.39606655565524884
1305033557.340045,840,-1.5524155366290038,0.642937599806246,-0.09893305247987806,-1.949897436649414,0.6998807711551134,-0.11818563714708696,0.40200130301215425
1305033557.508957,845,-1.5925844079148792,0.6554837657509791,-0.10626693819736123,-1.9965411940013826,0.7161476766087308,-0.12534474405741125,0.40893172753202717
1305033557.675921,850,-1.6338038885893824,0.677859471586236,-0.12119735713198258,-2.0459785375390407,0.741012190353575,-0.13914266504541883,0.4173706281000002
1305033557.839884,855,-1.6673268706456863,0.7179775659067207,-0.1331739576546591,-2.0904882289881805,0.7723991869359941,-0.14934082423276518,0.42695270886208575
1305033558.008091,860,-1.6952717274243292,0.7600601134497353,-0.13850319010025638,-2.1314724769329807,0.8101985051140833,-0.1539413942731802,0.43934415933147647
1305033558.17596,865,-1.7183317414778525,0.8038399303397237,-0.13948984693003277,-2.1699112843621102,0.8511618482225878,-0.1557142192976182,0.4543420272464235
1305033558.676023,870,-1.7414709342939503,0.95222463917966,-0.1410787220217761,-2.2219431394988436,0.9923775838638151,-0.1579980783444197,0.4824438449805682
1305033558.839871,875,-1.7209672735657948,1.003621288949745,-0.1389983287283038,-2.221409227526562,1.0411713706347685,-0.15316416637213814,0.5020486319817772
1305033559.008,880,-1.6989016616858752,1.036087227199005,-0.12819391494597626,-2.215458862821513,1.0850532652125842,-0.14602567995710614,0.5191791470843595
1305033559.175997,885,-1.682211543306738,1.0608833126980701,-0.11987572281686217,-2.208663262385995,1.11461789356076,-0.1394718092450673,0.5295496429092327
1305033559.340098,890,-1.6697743361808346,1.0796406592175143,-0.11806218507232562,-2.2004865102969546,1.1091007078951445,-0.1422445487077868,0.5320790288426569
1305033559.507932,895,-1.6652101631230662,1.0791737129878212,-0.12245783797675384,-2.1921237439258174,1.1034580108627163,-0.14508036567793026,0.5279577895222729
1305033559.940079,900,-1.656517597827845,0.9990972079759988,-0.13937238896708493,-2.161091207114417,1.0520734759077794,-0.1546029873876451,0.507575593661384
1305033560.107878,905,-1.6453618067087659,0.9533787737433916,-0.1442776946151087,-2.1377517797963903,1.008143485206113,-0.15813517631070728,0.49561990377482873
1305033560.275875,910,-1.6442523391902735,0.8976142259354112,-0.14726069711043974,-2.1056600007458943,0.9537066713862496,-0.1546664664193289,0.46486367678916163
1305033560.440133,915,-1.6586938663141657,0.8192676454399742,-0.14193358023902358,-2.061967408366026,0.8946479044031317,-0.14545884924552355,0.4102732756126999
1305033560.608124,920,-1.6597273898431566,0.7394419520831955,-0.12982614809710286,-2.0149299380719365,0.8328865200884135,-0.13439120917632608,0.3673167261922027
1305033560.77613,925,-1.6371406522910514,0.6834257583610353,-0.11656716617018895,-1.9647883055575424,0.7771378704432205,-0.12320512362015112,0.3408504175163208
1305033561.207947,930,-1.5057757530680318,0.6823155731434748,-0.10413456950887744,-1.8339830174284146,0.6560170564814152,-0.1101142741339437,0.32931349383976644
1305033561.376023,935,-1.4352075156276953,0.7574219022781713,-0.09024329873297428,-1.7980617766969458,0.6202987101542569,-0.09908255251174214,0.3880001507753949
1305033561.544443,940,-1.4099971653817311,0.7750923105687068,-0.0801825231670298,-1.7731593601525024,0.5961476332396356,-0.09023161910211475,0.4049801990026692
1305033561.708201,945,-1.395861453017663,0.767001598285206,-0.07249909976054156,-1.7478495825949154,0.5791275173377533,-0.0859027332699277,0.39921419194011204
1305033561.87618,950,-1.3308721245942539,0.8461834113786791,-0.06316121616280351,-1.7142567038573477,0.5608435223639975,-0.07711162584520315,0.47811839727201166
1305033562.043859,955,-1.306745090721098,0.833375066239996,-0.046664026172154094,-1.6858321084850671,0.5401775361991384,-0.059112985584161226,0.47940247730866103
1305033562.575998,960,-1.3058439526192291,0.7707227641840481,0.04969625008704599,-1.6471528932122164,0.4871449014138234,0.03965624538063561,0.4438569576750379
1305033562.744034,965,-1.2903151668991844,0.766112310390836,0.05628030069590763,-1.6307966359106405,0.48589684333500216,0.044941699449252526,0.4411087197004259
1305033562.907918,970,-1.2707703885752926,0.7623367026696376,0.04694693223036947,-1.6137353336671196,0.48870638485563733,0.03885565887037168,0.43882111741963487
1305033563.075836,975,-1.2432292621159924,0.7579012812245467,0.04163863507813555,-1.5869294924063608,0.4896321245499844,0.03493894332784975,0.4360539812845217
1305033563.243967,980,-1.2140554361905886,0.7506857918683495,0.03933553003813749,-1.5575396156688839,0.49331519204634855,0.02997737167107739,0.42931175424467155
1305033563.407992,985,-1.1620863405484743,0.7394911484943861,0.021739830973905225,-1.5096341506351147,0.5054245574280568,0.015936707648679937,0.41905885695181233
1305033564.876058,990,-1.1103857823691534,0.7258142387691736,0.005208733053438365,-1.044510204324917,0.46654010204324914,-0.045231619102114706,0.27222582332176326
1305033565.043917,995,-1.0331683124175326,0.7211471613786333,-0.005034125753485462,-0.9854307154948382,0.459611820804425,-0.05015247121092903,0.2696577045553084
1305033565.207978,1000,-0.9490306557685902,0.710785150140013,-0.013210293275697022,-0.9322612940601313,0.4527803595926583,-0.05394398190887262,0.26173826015154533
1305033565.376574,1005,-0.8894433582028433,0.7118698337849149,-0.020087952713628388,-0.8804915685998651,0.44019842021994626,-0.05592146141362031,0.2741706253981936
1305033565.544077,1010,-0.8463101287840099,0.6875046887419773,-0.025638407974019825,-0.8302745392556564,0.4212196170993967,-0.05852592566101611,0.26878703155254463
1305033565.709168,1015,-0.7844545021432745,0.6681065333319777,-0.03202394497824233,-0.7794220060558376,0.39889302386572245,-0.06094729752282857,0.2708095271928703
1305033565.875917,1020,-0.7373080183664472,0.6433074775869436,-0.037415665421622696,-0.7270152397301098,0.38019880313759136,-0.06281478911856564,0.26453209889751467
1305033566.043973,1025,-0.6826766466806029,0.6226959336257039,-0.04216160326365205,-0.6714111055480055,0.3666495362754214,-0.06386688839615673,0.2572115654782115
1305033566.20803,1030,-0.6211281650114001,0.6032099248694966,-0.04471294482995683,-0.6122964785542283,0.35154914288439065,-0.061621019001978916,0.25238270710815236
1305033566.375967,1035,-0.5526223951175067,0.5836197467546804,-0.0474688299844037,-0.5534940495969852,0.3327070246295586,-0.061550780142670014,0.2513090830551695
1305033566.544036,1040,-0.4988364997158806,0.549032953864063,-0.05748593052518465,-0.499535316330471,0.302473176455886,-0.06606104336385255,0.2467098391642022
1305033566.70798,1045,-0.43499312883491936,0.5089741267721344,-0.06623148009382683,-0.4521703359320983,0.2676246811148463,-0.0700392151252891,0.24198989691474615
1305033566.876228,1050,-0.3713578864978385,0.47353435696056057,-0.06994127689408178,-0.41257848985527956,0.23243005984312037,-0.07200418186586555,0.24461127489665918
1305033567.043993,1055,-0.3486493469897548,0.43087743805683376,-0.07625502953672553,-0.38474559521255025,0.19712646210333062,-0.07711519681472467,0.2365231442855498
1305033567.208105,1060,-0.31886597045869797,0.38902847840736265,-0.08850130613310914,-0.36622222063276344,0.15854556660229346,-0.08688002765658154,0.23530324181487688
1305033567.375907,1065,-0.3646086269196584,0.32897339330721787,-0.09805097203294288,-0.35602747061488205,0.11946930596285421,-0.09874696850487563,0.20968090821200366
1305033567.544077,1070,-0.34513915316210764,0.30229410180730015,-0.10758385985151513,-0.3512813258198839,0.0890851892972806,-0.10785720982987246,0.21329754189599506
1305033567.708106,1075,-0.3392223077887977,0.28567963187245,-0.11579080020323057,-0.3452412655270247,0.07569684333500226,-0.11513667834918817,0.21007005310042884
1305033567.876013,1080,-0.3633536465510357,0.2887995609036119,-0.10829007218099349,-0.3325105118851772,0.08828866080156383,-0.11069109982595426,0.20288342699565595
1305033568.04469,1085,-0.41030826309341994,0.31486624870608404,-0.09637382418175122,-0.31505124768566306,0.11951889559758988,-0.10216043198127822,0.21741198720565957
1305033568.208754,1090,-0.42402391253215854,0.35013104611773793,-0.09272386032101022,-0.2976382066137375,0.16340840903130438,-0.10035469804258157,0.22560345641266788
1305033568.376267,1095,-0.44357581276514285,0.38794995866254117,-0.0942477012503211,-0.2768369835252604,0.21440225067353302,-0.10234395012278563,0.24080322541512933
1305033568.54455,1100,-0.49162849787831553,0.4221307114516028,-0.09532763557008446,-0.2552896740814914,0.2731938583315451,-0.10587261998426434,0.27955218215436495
1305033568.844116,1105,-0.48207073051718885,0.5186745543892138,-0.08654584513935748,-0.2207842977374055,0.38404319671935716,-0.09809930143289702,0.2941592846998711
1305033569.010126,1110,-0.4600889498839976,0.5733396414753746,-0.08215431315526818,-0.20043527644660597,0.4502735784278663,-0.09382657177598164,0.2875787329147511
1305033570.01103,1115,-0.43696450332509373,0.6274975626093644,-0.07736520792574172,-0.06880397444150388,0.8937785685334858,-0.07392252104045971,0.4543782578830073
1305033570.181417,1120,-0.4128004986967739,0.6772583387562083,-0.08348972264124338,-0.054203318789786126,0.9466536084686359,-0.07720247001883507,0.44855911352486655
1305033570.344476,1125,-0.39602519422366284,0.7248637889051179,-0.08988112431586984,-0.04618539923229137,0.9900458932360584,-0.08471418115060914,0.4390172296375891
1305033570.513265,1130,-0.3883294304158582,0.7558392825421423,-0.10518990068763549,-0.043427329947786086,1.020204639629974,-0.096984867558353,0.43464217869888966
1305033570.678624,1135,-0.38674044201264274,0.772454945949893,-0.11356463226852777,-0.0445766802565386,1.0323033235581622,-0.10454133943685473,0.429742526425142
1305033570.844872,1140,-0.3874210289596844,0.7757698701390477,-0.11534451994424379,-0.046141748830530016,1.0330016376130278,-0.1067316191021147,0.4274504781892025
1305033571.012823,1145,-0.3881894298270652,0.7672431705691731,-0.1136165441514919,-0.04822135803324601,1.0235500655679277,-0.1043422635486998,0.4258609239456108
1305033571.177871,1150,-0.3931653504322532,0.7529968101713579,-0.1087922416992973,-0.04947668025653851,1.007933876928212,-0.10034220012874617,0.42800258552523246
1305033571.345834,1155,-0.3946728182466812,0.7346774212024529,-0.10436460906146877,-0.04885101985218987,0.9906304285915347,-0.0968572795064635,0.43030340253519145
1305033571.513549,1160,-0.3961184428671086,0.7183316688558637,-0.1005090072948783,-0.050627661065263174,0.9734870352477563,-0.0939806382933902,0.42954715795876347
1305033571.678644,1165,-0.40087023260347976,0.7005877998261435,-0.0968421120586535,-0.05548679899806541,0.9551462496273682,-0.09122824618827252,0.429093505036232
1305033571.848721,1170,-0.4080432998674562,0.6794494254491261,-0.09378243914907933,-0.0620892652826015,0.9313559420002975,-0.08983161910211479,0.4279681017383514
1305033572.013,1175,-0.4134130662780236,0.6516819417739507,-0.09229863791371178,-0.0666066828791454,0.902522833369096,-0.0893856185775933,0.4280237214735998
1305033572.182204,1180,-0.4230077750836085,0.620300052496734,-0.0892867943257025,-0.0706153342706548,0.8701783791091446,-0.08737700304565033,0.43199914091982056
1305033572.350195,1185,-0.4291437452038537,0.5894812981836117,-0.08102947560618466,-0.07818545852400471,0.8389705085326036,-0.0791321922784266,0.4306044411682773
1305033572.517832,1190,-0.45124060727800513,0.5576062259923785,-0.05356524044326315,-0.0949035817248356,0.7968430403984081,-0.048972193201543446,0.42922188344746576
1305033572.680315,1195,-0.4706453527494422,0.5209513070776619,-0.008305948512707974,-0.1166830770331162,0.7571755477672077,-0.0020996757504231356,0.425593353262516
1305033572.847583,1200,-0.48802976323854963,0.5013589870917703,0.05653698993534413,-0.15049027966525985,0.7332900436306415,0.06347444150394588,0.4096010817764364
1305033573.015418,1205,-0.5380734594497975,0.512116476323235,0.12025352964156284,-0.1987832582314093,0.7231256634003289,0.12437495887275596,0.3995744034002405
1305033573.177561,1210,-0.6230261587936758,0.5413550528281933,0.1770302880509736,-0.2565578618601434,0.733179383925804,0.1675089716996877,0.41374659167595657
1305033573.346701,1215,-0.6795964974241264,0.5993203923791245,0.22226179824805284,-0.33372061870177516,0.7665091928196376,0.20371612196329325,0.38461170104867515
1305033573.515495,1220,-0.8010235604236854,0.6925835851239548,0.29582640814429945,-0.4367534320387192,0.8212992442123834,0.2646024819397754,0.3876020909332068
1305033573.676915,1225,-0.9218647440750908,0.7600350662268857,0.3744417535287102,-0.5358456953484491,0.8663336981141072,0.3258836397014997,0.4033212064092003
1305033573.847555,1230,-0.9994707304658025,0.8075321069570841,0.43260454087584066,-0.6350147438189924,0.884352139808788,0.3811746656176239,0.37599802621704337
1305033574.013914,1235,-1.0885389621779828,0.8409848158484522,0.4728105997896242,-0.7383480413895047,0.898053978017786,0.41673979209880085,0.3592137326836116
